Dataset,Missing%,Accuracy,AUROC,MSE
mushroom,10,0.48484848484848486,0.49080882352941174,-
letter,10,0.041379310344827586,0.5039173464297355,-
letter,30,0.0,0.5,-
bank,10,0.9191919191919192,0.5,-
bank,30,0.0,0.0,-
credit,10,0.8558558558558559,0.4947916666666667,-
news,10,-,-,45904746.66237509
